{
    "MSE": 1.7192724284017598,
    "RMSE": 0.7710300824869977,
    "MAE": 0.7710300824869977,
    "MAPE": 0.061065238103959876
}