{
    "MSE": 0.3383377663637865,
    "RMSE": 0.4159623547612872,
    "MAE": 0.4159623547612872,
    "MAPE": 0.03008885469470867
}