{
    "MSE": 0.5100413594828513,
    "RMSE": 0.6351128177518355,
    "MAE": 0.6351128177518355,
    "MAPE": 0.0434398827377281
}