{
    "MSE": 0.4000945120977644,
    "RMSE": 0.46832282660467045,
    "MAE": 0.46832282660467045,
    "MAPE": 0.033869299900992945
}