{
    "MSE": 0.43389136073170065,
    "RMSE": 0.4643006263697839,
    "MAE": 0.4643006263697839,
    "MAPE": 0.03360787800756132
}