{
    "MSE": 0.9272318457138058,
    "RMSE": 0.5476556207770983,
    "MAE": 0.5476556207770983,
    "MAPE": 0.04193359542127698
}