{
    "MSE": 0.3529677932491802,
    "RMSE": 0.5028556689150749,
    "MAE": 0.5028556689150749,
    "MAPE": 0.03453569061874036
}